pb,pi,ev,pe,evr / pm,0.1
10000.000000,0.000012,8.000000,176165.804811,107.681859,263.000000
