pb,pi,ev,pe,evr / pm,0.00721
3467.626000,0.000010,1.000000,337191.584539,9189326.337182,2817.000000
