pb,pi,ev,pe,evr / pm,0.1
10000.000000,0.000012,8.000000,183190.088117,110.622947,272.000000
