pb,pi,ev,pe,evr / pm,3.38396
26.923635,0.000010,8398.000000,323.189095,23.990102,26.000000
