pb,pi,ev,pe,evr / pm,0.6468
25.958447,0.000012,8392.000000,254.352468,21.860371,27.000000
